<?xml version="1.0" encoding="UTF-8"?>
<project-private xmlns="http://www.netbeans.org/ns/project-private/1">
    <editor-bookmarks xmlns="http://www.netbeans.org/ns/editor-bookmarks/2" lastBookmarkId="0"/>
    <open-files xmlns="http://www.netbeans.org/ns/projectui-open-files/2">
        <group>
            <file>file:/C:/Users/Administrator/Desktop/sem3_1/Afran/Hotel/src/hotel/Hotel.java</file>
            <file>file:/C:/Users/Administrator/Desktop/sem3_1/Afran/Hotel/src/User_info.java</file>
            <file>file:/C:/Users/Administrator/Desktop/sem3_1/Afran/Hotel/src/HOME.java</file>
            <file>file:/C:/Users/Administrator/Desktop/sem3_1/Afran/Hotel/src/Room.java</file>
            <file>file:/C:/Users/Administrator/Desktop/sem3_1/Afran/Hotel/src/RESET.java</file>
            <file>file:/C:/Users/Administrator/Desktop/sem3_1/Afran/Hotel/src/Login.java</file>
            <file>file:/C:/Users/Administrator/Desktop/sem3_1/Afran/Hotel/src/Food.java</file>
        </group>
    </open-files>
</project-private>
